{
  "total_cases": 159,
  "successful_cases": 157,
  "success_rate": 0.9874213836477987,
  "accuracy": 1.0,
  "type_accuracy": 0.05732484076433121,
  "avg_legal_basis_score": 0.8222929936305732,
  "avg_reasoning_score": 0.9245222929936306,
  "avg_response_time": 7.07407643312102,
  "avg_input_tokens": 924.4458598726114,
  "avg_output_tokens": 232.02547770700636,
  "total_tokens": 181566
}